term,se_pair,se_multiway,ratio
ipd,0.031822670056163,0.0400537338001866,1.25865408934878
rta,0.023491730543591,0.0248547665959835,1.05802195159115
