term,estimate,se,stat,p,model,N
align_f::NR:post2022,-0.237781456437483,0.591398550611126,-0.402066349658399,0.687635196907339,did_2x2_align2022_ref_abstain,681662
align_f::no_absent:post2022,-1.47228319995607,0.540189778821123,-2.72549251703556,0.00642056318150533,did_2x2_align2022_ref_abstain,681662
align_f::yes:post2022,-1.20623655546834,0.167151683610579,-7.21641882039649,5.33745014915843e-13,did_2x2_align2022_ref_abstain,681662
rta,0.0959809939364293,0.0270698149513776,3.54568341559885,0.000391596359665414,did_2x2_align2022_ref_abstain,681662
under_any_sanction,-0.0781350148087699,0.0178540827466097,-4.37631078099528,1.20704880233525e-05,did_2x2_align2022_ref_abstain,681662
n_NR,40,,,,n_partners,
n_no_absent,16,,,,n_partners,
n_abstain,35,,,,n_partners,
n_yes,139,,,,n_partners,
