term,estimate,se,stat,p,model,N
align_f::NR:post2022,-0.237781456437475,0.591398550611127,-0.402066349658384,0.68763519690735,did_2x2_align2022_ref_abstain,681662
align_f::no_absent:post2022,-1.47228319995606,0.540189778821124,-2.72549251703554,0.00642056318150564,did_2x2_align2022_ref_abstain,681662
align_f::yes:post2022,-1.20623655546834,0.167151683610579,-7.21641882039649,5.33745014915857e-13,did_2x2_align2022_ref_abstain,681662
rta,0.0959809939364292,0.0270698149513775,3.54568341559885,0.000391596359665406,did_2x2_align2022_ref_abstain,681662
under_any_sanction,-0.0781350148087697,0.0178540827466097,-4.37631078099526,1.20704880233534e-05,did_2x2_align2022_ref_abstain,681662
n_NR,40,,,,n_partners,
n_no_absent,16,,,,n_partners,
n_abstain,35,,,,n_partners,
n_yes,139,,,,n_partners,
