term,estimate,se,stat,p,model,N
treated_post,-0.580660608167186,0.0740519252532043,-7.84126281905224,4.46037769984499e-15,static_treated_post,681662
rta,0.103248408730859,0.0265562484988524,3.8879139399272,0.000101109460987225,static_treated_post,681662
treated_post,-0.547760300431702,0.0788781350518073,-6.94438706077334,3.80107021993249e-12,static_treated_post_anyctrl,681662
rta,0.0995520125021945,0.0271033499191694,3.67305195848814,0.000239670726378486,static_treated_post_anyctrl,681662
under_any_sanction,-0.0342562679529372,0.01785665105894,-1.91840383954788,0.0550598245880555,static_treated_post_anyctrl,681662
rus_tr,-0.0663556479720095,0.167224035898001,-0.396806880157368,0.69150987675854,type_contrast_dir,681662
rus_nt,-0.481320203568869,0.140141391683947,-3.43453277996812,0.000593576275909138,type_contrast_dir,681662
rta,0.0996187373461163,0.0271010117019804,3.67583094098427,0.000237076488415961,type_contrast_dir,681662
under_any_sanction,-0.0340596262117274,0.0178599340193797,-1.90704098765256,0.056515280018874,type_contrast_dir,681662
