term,estimate,se,stat,p,model,N
treated_post,-0.580660608167185,0.0740519252532044,-7.84126281905222,4.46037769984575e-15,static_treated_post,681662
rta,0.103248408730859,0.0265562484988524,3.88791393992721,0.00010110946098722,static_treated_post,681662
treated_post,-0.547760300431702,0.0788781350518072,-6.94438706077334,3.80107021993239e-12,static_treated_post_anyctrl,681662
rta,0.0995520125021942,0.0271033499191694,3.67305195848813,0.00023967072637849,static_treated_post_anyctrl,681662
under_any_sanction,-0.0342562679529375,0.01785665105894,-1.9184038395479,0.055059824588053,static_treated_post_anyctrl,681662
rus_tr,-0.0663556479722475,0.167224035897967,-0.396806880158873,0.69150987675743,type_contrast_dir,681662
rus_nt,-0.481320203568631,0.140141391683913,-3.43453277996726,0.000593576275911027,type_contrast_dir,681662
rta,0.0996187373461162,0.0271010117019804,3.67583094098426,0.000237076488415962,type_contrast_dir,681662
under_any_sanction,-0.0340596262117276,0.0178599340193797,-1.90704098765257,0.0565152800188722,type_contrast_dir,681662
