term,estimate,se,stat,p,model,N
cell_2022::a_both:post2022,-1.2813604983134,0.183099765639887,-6.99815477008051,2.59355504565904e-12,did_2x2_cell_x_post2022,681662
cell_2022::b_condemn_only:post2022,-0.439784046979392,0.199758435944796,-2.20157934707162,0.0276950361278454,did_2x2_cell_x_post2022,681662
cell_2022::non_russia:post2022,-0.124676059355732,0.599110098529251,-0.208102082842198,0.835149260889144,did_2x2_cell_x_post2022,681662
rta,0.0953523129078522,0.0270366868667017,3.52677505857006,0.000420653977815599,did_2x2_cell_x_post2022,681662
under_any_sanction,-0.0719967713549662,0.017608651832597,-4.0887157085863,4.33768069638146e-05,did_2x2_cell_x_post2022,681662
