term,estimate,se,stat,p,model,N
cell_2022::a_both:post2022,-1.2813604983134,0.183099765639888,-6.9981547700805,2.59355504565932e-12,did_2x2_cell_x_post2022,681662
cell_2022::b_condemn_only:post2022,-0.43978404697939,0.199758435944796,-2.20157934707161,0.0276950361278464,did_2x2_cell_x_post2022,681662
cell_2022::non_russia:post2022,-0.124676059355732,0.599110098529254,-0.208102082842198,0.835149260889145,did_2x2_cell_x_post2022,681662
rta,0.0953523129078516,0.0270366868667017,3.52677505857004,0.000420653977815638,did_2x2_cell_x_post2022,681662
under_any_sanction,-0.0719967713549665,0.017608651832597,-4.08871570858631,4.33768069638123e-05,did_2x2_cell_x_post2022,681662
