lb,ub,method,Delta,Mbar,M
-0.182174985759497,-0.0367348736716681,relative_magnitudes,DeltaRM,0,
-0.219659550730587,-0.00674722169479614,relative_magnitudes,DeltaRM,0.5,
-0.266140411294738,0.0352354910728245,relative_magnitudes,DeltaRM,1,
-0.318618802254264,0.0862144994335069,relative_magnitudes,DeltaRM,1.5,
-0.375595341010321,0.14169165559072,relative_magnitudes,DeltaRM,2,
-0.172356680598353,-0.0376441826567263,smoothness,DeltaSD,,0
-0.270589104485142,0.109892200472979,smoothness,DeltaSD,,0.1
-0.370589104476959,0.209892200464795,smoothness,DeltaSD,,0.2
-0.470589104468775,0.309892200456612,smoothness,DeltaSD,,0.3
