echantillon,N,coef_ipd,se_ipd,p_ipd
full,965872,-0.0662976130881276,0.0318226700561629,0.0372197518074423
commun,446171,0.0422027295744295,0.0184192515207125,0.0219501526605202
