IPD quartile,Trade Q1 (low),Trade Q2,Trade Q3,Trade Q4 (high),Total
IPD Q1 (aligned),6.81797163347149,5.8537843056478,5.59357563426739,6.73487861132363,25.0002101847103
IPD Q2,7.67678635985304,6.38415039136393,5.59791945161408,5.34107373559884,24.9999299384299
IPD Q3,6.19792673801737,6.72268789812487,6.55482037614656,5.52449492614109,24.9999299384299
IPD Q4 (distant),4.3073853302282,6.03930734329329,7.25361447640186,7.39962278850654,24.9999299384299
Total,25.0000700615701,24.9999299384299,24.9999299384299,25.0000700615701,100
