vintage,cell,n_partners,trade_weight,trade_share
2022 (ES-11/1),Condemn + sanction,43,368205102.246667,54.9
2022 (ES-11/1),Condemn only,96,76834984.0413333,11.5
2022 (ES-11/1),Sanction only,1,21635336.8096667,3.2
2022 (ES-11/1),Neither,50,204292092.841667,30.4
2014 (Res 68/262),Condemn + sanction,42,367835791.608667,54.8
2014 (Res 68/262),Condemn only,56,51107249.1776666,7.6
2014 (Res 68/262),Sanction only,2,22004647.4476667,3.3
2014 (Res 68/262),Neither,90,230019827.705333,34.3
